Member_ID,Recency_Score,Transaction_Frequency_Per_Week,Avg_Spent_Per_Transaction_IDR,Total_Spent_IDR,Loyalty_Status,Membership_Tier,Days_Since_Last_Purchase
1001,3,5,2679900.0,13399350.0,Gold,Premium,36
1002,5,3,6257700.0,18772950.0,Platinum,Basic,7
1003,5,3,6564300.0,19692750.0,Platinum,Basic,3
1004,4,3,6463950.0,19391850.0,Platinum,VIP,22
1005,2,6,6952800.0,41716500.0,Silver,Basic,48
1006,2,2,2452650.0,4905300.0,Silver,Premium,12
1007,1,6,5846550.0,35079150.0,Silver,Basic,5
1008,5,3,3858600.0,11575950.0,Platinum,Basic,3
1009,5,3,6433500.0,19300500.0,Platinum,Basic,3
1010,5,2,5667300.0,11334600.0,Gold,Basic,4
1011,1,2,5991000.0,11982000.0,Silver,VIP,20
1012,5,3,5179050.0,15537299.999999998,Platinum,Basic,3
1013,5,3,1947600.0,5842950.0,Platinum,VIP,10
1014,2,2,4428900.0,8857800.0,Silver,Premium,48
1015,2,6,7396500.0,44379150.0,Silver,Basic,32
1016,2,3,7077300.0,21232050.0,Silver,Premium,32
1017,3,3,1041450.0000000001,3124200.0,Gold,Premium,39
1018,4,3,1862550.0,5587500.0,Platinum,Premium,26
1019,4,4,1639200.0,6556650.0,Platinum,Basic,2
1020,3,3,5650350.0,16951050.0,Gold,Basic,21
1021,5,3,6270000.0,18810150.0,Platinum,VIP,11
1022,2,3,2191200.0,6573600.0,Silver,VIP,8
1023,3,7,4164450.0,29151600.0,Gold,VIP,3
1024,3,6,6424800.0,38548500.0,Gold,Basic,9
1025,4,3,5696400.0,17089200.0,Platinum,Premium,8
1026,5,2,4410150.0,8820150.0,Gold,Basic,13
1027,2,3,4734900.0,14204550.0,Silver,Basic,24
1028,4,3,4181400.0,12544350.0,Platinum,Basic,20
1029,4,3,2758500.0,8275350.000000001,Platinum,Premium,28
1030,1,7,4563900.0,31947300.000000004,Silver,Basic,25
1031,5,2,5400000.0,10800000.0,Gold,Basic,14
1032,2,4,6645000.0,26579700.0,Silver,VIP,16
1033,1,3,5044950.0,15134850.0,Silver,Basic,40
1034,5,3,5887500.0,17662650.0,Platinum,Basic,11
1035,5,3,1830450.0,5491500.0,Platinum,Basic,12
1036,5,3,3865500.0,11596500.0,Platinum,VIP,14
1037,3,4,813000.0,3252000.0,Gold,Premium,12
1038,1,5,2415150.0,12075450.0,Silver,Basic,65
1039,5,2,5653650.0,11307300.0,Gold,VIP,10
1040,4,2,7444650.0,14889450.0,Gold,VIP,24
1041,2,6,1419450.0,8516700.0,Silver,Basic,52
1042,4,3,3460050.0,10380300.0,Platinum,Premium,4
1043,1,3,6150450.0,18451500.0,Silver,Premium,15
1044,5,3,2127300.0,6381750.0,Platinum,Premium,6
1045,3,5,4496850.0,22484100.0,Gold,Basic,24
1046,5,3,5698200.0,17094750.0,Platinum,VIP,8
1047,3,2,4907850.0,9815850.0,Gold,Premium,33
1048,4,3,2019150.0000000002,6057450.0,Platinum,Basic,18
1049,4,3,3148800.0,9446550.0,Platinum,Basic,14
1050,2,6,6040650.0,36243600.0,Silver,Basic,52
1051,5,3,4491000.0,13473150.0,Platinum,Basic,2
1052,5,3,785250.0,2355900.0,Platinum,Premium,8
1053,5,3,5886750.0,17660100.0,Platinum,Basic,7
1054,5,2,988350.0,1976700.0,Gold,Basic,8
1055,4,2,5783700.0,11567400.0,Gold,Premium,24
1056,5,3,2116800.0,6350250.0,Platinum,Basic,3
1057,1,7,7216950.0,50518950.0,Silver,VIP,35
1058,2,4,3233550.0,12934350.0,Silver,Basic,40
1059,1,6,2956800.0,17740800.0,Silver,Basic,65
1060,3,6,1755000.0,10530000.0,Gold,Basic,27
1061,3,3,2812800.0,8438550.0,Gold,Basic,9
1062,3,4,6667350.0,26669550.0,Gold,Basic,42
1063,5,2,7475250.0,14950500.0,Gold,Premium,10
1064,3,7,3236100.0,22652700.0,Gold,VIP,18
1065,3,5,3778050.0,18890550.0,Gold,Basic,6
1066,4,2,5623950.0,11247900.0,Gold,Premium,4
1067,2,2,6731850.0,13463700.0,Silver,Premium,20
1068,5,3,4753050.0,14259150.0,Platinum,VIP,5
1069,1,6,3392850.0,20356800.0,Silver,Basic,65
1070,5,3,3535200.0,10605600.0,Platinum,Basic,7
1071,5,3,5445450.0,16336199.999999998,Platinum,Basic,12
1072,2,5,771750.0,3858600.0,Silver,Premium,8
1073,1,2,4932300.0,9864450.0,Silver,VIP,55
1074,5,3,3149550.0,9448800.0,Platinum,Basic,14
1075,5,3,6110850.0,18332550.0,Platinum,Basic,13
1076,5,3,1377750.0,4133100.0000000005,Platinum,VIP,7
1077,5,3,4720350.0,14161050.0,Platinum,VIP,5
1078,1,7,3996600.0,27975900.0,Silver,VIP,70
1079,3,2,5085750.0,10171350.0,Gold,Premium,18
1080,2,4,1187700.0,4751100.0,Silver,Basic,32
1081,5,3,4664850.0,13994700.0,Platinum,Premium,10
1082,5,2,4540050.0,9080100.0,Gold,Premium,13
1083,3,3,4534500.0,13603350.0,Gold,Basic,42
1084,1,5,4823550.0,24117750.0,Silver,Premium,60
1085,3,3,5316150.0,15948450.0,Gold,Premium,12
1086,3,7,6183750.0,43285800.0,Gold,Basic,39
1087,5,3,2571300.0,7713900.0,Platinum,Premium,7
1088,5,2,6319050.0,12638100.0,Gold,Premium,6
1089,5,3,4113300.0000000005,12339750.0,Platinum,VIP,10
1090,4,2,1270200.0,2540250.0,Gold,Basic,4
1091,2,2,1145250.0,2290500.0,Silver,Basic,32
1092,5,2,3006150.0,6012150.0,Gold,Premium,10
1093,5,2,6048000.0,12096150.0,Gold,Basic,9
1094,4,4,5526900.0,22107450.0,Platinum,Premium,10
1095,5,3,6073200.0,18219450.0,Platinum,Premium,10
1096,4,2,4241550.0,8483100.0,Gold,Basic,8
1097,4,3,3721350.0,11164050.0,Platinum,Premium,12
1098,4,4,1745250.0,6981150.0,Platinum,Premium,16
1099,1,7,2965350.0,20757150.0,Silver,Basic,55
1100,2,4,3679650.0,14718450.0,Silver,VIP,12
1101,1,7,1348050.0,9436350.0,Silver,VIP,50
1102,5,3,2239200.0,6717450.0,Platinum,Premium,11
1103,3,2,4788000.0,9576000.0,Gold,Premium,33
1104,4,3,5715750.0,17147250.0,Platinum,Basic,2
1105,5,2,7488900.0,14977650.0,Gold,VIP,4
1106,2,5,7048500.0,35242500.0,Silver,Premium,16
1107,4,4,5087250.0,20349300.0,Platinum,Premium,2
1108,5,2,3593400.0,7186800.0,Gold,VIP,9
1109,2,4,5044200.0,20176800.0,Silver,Basic,12
1110,1,6,6053100.0,36318900.0,Silver,VIP,25
1111,3,7,1548750.0,10841400.0,Gold,Basic,18
1112,2,3,3516900.0,10550550.0,Silver,Basic,32
1113,5,2,6418650.0,12837300.0,Gold,Basic,6
1114,5,2,3340800.0,6681750.0,Gold,VIP,3
1115,5,2,4610100.0,9220350.0,Gold,VIP,6
1116,5,3,4717500.0,14152350.0,Platinum,Premium,1
1117,5,3,1995149.9999999998,5985600.0,Platinum,Premium,4
1118,2,6,3195150.0,19170600.0,Silver,Premium,24
1119,5,2,3007950.0,6015900.0,Gold,VIP,7
1120,4,4,926850.0,3707250.0,Platinum,Basic,22
1121,5,3,913350.0,2739900.0,Platinum,Basic,13
1122,5,3,6363900.0,19091850.0,Platinum,Basic,11
1123,3,3,2593200.0,7779750.0,Gold,Premium,30
1124,2,2,4247100.0,8494050.0,Silver,Premium,12
1125,2,6,2766450.0,16598400.0,Silver,Basic,36
1126,4,2,7099650.0,14199150.0,Gold,Basic,24
1127,5,3,2500200.0,7500750.0,Platinum,VIP,12
1128,5,3,3650250.0,10950600.0,Platinum,Basic,7
1129,1,2,6640950.0,13281900.0,Silver,Premium,70
1130,4,2,6433050.0,12866100.0,Gold,VIP,2
1131,4,4,2006250.0,8024700.0,Platinum,Basic,4
1132,2,7,6167850.0,43174950.0,Silver,Basic,4
1133,2,6,3842700.0,23056500.0,Silver,Premium,44
1134,3,6,4010099.9999999995,24060300.0,Gold,VIP,27
1135,5,3,1651050.0,4953000.0,Platinum,Premium,9
1136,3,2,1294050.0,2588100.0,Gold,VIP,21
1137,4,4,5663550.0,22654350.0,Platinum,Basic,20
1138,5,3,4101150.0000000005,12303300.0,Platinum,Premium,3
1139,3,4,3698700.0,14794950.0,Gold,Premium,39
1140,5,3,5674200.0,17022600.0,Platinum,VIP,5
1141,5,2,5917200.0,11834400.0,Gold,Basic,4
1142,3,5,1822650.0,9113100.0,Gold,VIP,21
1143,4,3,4869000.0,14607000.0,Platinum,Premium,28
1144,3,4,1663650.0,6654600.0,Gold,Basic,27
1145,3,2,5821800.0,11643600.0,Gold,Basic,36
1146,1,3,5184450.0,15553350.000000002,Silver,VIP,10
1147,5,3,7207200.0,21621450.0,Platinum,Basic,13
1148,4,4,1215450.0,4861800.0,Platinum,Basic,16
1149,1,2,1135050.0,2270250.0,Silver,Basic,45
1150,3,6,2654700.0,15928650.000000002,Gold,VIP,30
1151,5,3,2516550.0,7549500.0,Platinum,Premium,14
1152,2,3,2417100.0,7251300.0,Silver,Premium,40
1153,2,5,6867150.0,34336050.0,Silver,Basic,36
1154,4,3,2434500.0,7303350.0,Platinum,Premium,28
1155,5,2,2585700.0,5171250.0,Gold,Premium,10
1156,2,6,5875950.0,35255700.0,Silver,VIP,56
1157,5,2,3785700.0,7571550.0,Gold,VIP,7
1158,5,3,5992800.0,17978400.0,Platinum,Basic,9
1159,2,6,1191150.0,7147350.0,Silver,Premium,36
1160,5,2,4041150.0000000005,8082149.999999999,Gold,Basic,14
1161,3,6,976949.9999999999,5861400.0,Gold,Premium,9
1162,5,3,1172850.0,3518700.0,Platinum,Basic,4
1163,5,3,6868500.0,20605350.0,Platinum,Basic,2
1164,4,2,1689900.0,3379800.0,Gold,Basic,20
1165,1,6,4343850.0,26063100.0,Silver,Premium,15
1166,5,3,3524850.0,10574700.0,Platinum,Basic,11
1167,3,6,3094500.0,18567450.0,Gold,Premium,33
1168,2,4,6823950.0,27295500.0,Silver,Basic,20
1169,1,3,897300.0,2691900.0,Silver,Basic,25
1170,4,3,5230650.0,15691799.999999998,Platinum,Premium,12
1171,5,3,7252950.0,21758700.0,Platinum,Basic,13
1172,1,4,4531200.0,18124500.0,Silver,Basic,35
1173,4,4,7073550.0,28294200.0,Platinum,Premium,14
1174,2,2,1102800.0,2205450.0,Silver,Basic,4
1175,5,3,3576900.0,10730550.0,Platinum,Basic,14
1176,2,4,2506050.0,10024200.0,Silver,Basic,8
1177,5,3,5683050.0,17049150.0,Platinum,VIP,12
1178,3,5,7373700.0,36868800.0,Gold,Premium,27
1179,5,3,2481600.0,7444800.0,Platinum,Premium,10
1180,2,4,5165700.0,20662650.0,Silver,Premium,8
1181,3,2,2087099.9999999998,4174350.0000000005,Gold,Basic,18
1182,2,6,4566000.0,27395850.0,Silver,Basic,44
1183,5,3,3881549.9999999995,11644650.0,Platinum,Premium,11
1184,5,3,7311000.0,21933150.0,Platinum,Basic,1
1185,3,3,4857600.0,14572650.0,Gold,Basic,9
1186,5,2,3109200.0,6218400.0,Gold,Basic,2
1187,5,3,1520100.0,4560450.0,Platinum,Basic,3
1188,4,2,1770900.0,3541800.0,Gold,VIP,10
1189,4,4,2270850.0,9083550.0,Platinum,Basic,22
1190,2,6,2443950.0,14664150.0,Silver,Premium,40
1191,1,3,6491700.0,19474950.0,Silver,Basic,30
1192,5,3,4538250.0,13614750.0,Platinum,VIP,9
1193,5,3,4282950.0,12848700.0,Platinum,Basic,12
1194,5,2,1524750.0,3049350.0,Gold,Basic,11
1195,3,4,6555900.0,26223750.0,Gold,Premium,30
1196,3,6,5629050.0,33774000.0,Gold,Premium,36
1197,5,3,1206750.0,3620250.0,Platinum,Basic,12
1198,5,2,5527950.0,11055750.0,Gold,Basic,13
1199,5,3,4418850.0,13256700.0,Platinum,Basic,4
1200,5,3,1301700.0,3904949.9999999995,Platinum,Basic,7
1201,5,3,3843600.0,11530650.0,Platinum,Basic,6
1202,1,3,4021650.0,12065100.0,Silver,Basic,10
1203,2,6,1869000.0,11213850.0,Silver,Basic,40
1204,5,3,7133400.0,21400350.0,Platinum,Basic,11
1205,5,3,6487350.0,19462050.0,Platinum,Premium,11
1206,1,2,5265900.0,10531800.0,Silver,VIP,55
1207,2,3,3870449.9999999995,11611500.0,Silver,Premium,32
1208,5,3,3529350.0,10588200.0,Platinum,Basic,7
1209,1,6,5144100.0,30864450.0,Silver,Basic,35
1210,2,4,4431600.0,17726700.0,Silver,VIP,56
1211,4,2,1170300.0,2340750.0,Gold,Basic,16
1212,5,2,4209450.0,8418750.0,Gold,Basic,12
1213,5,2,6193200.0,12386400.0,Gold,Premium,12
1214,2,2,3849900.0000000005,7699800.000000001,Silver,Premium,52
1215,5,3,1100700.0,3302100.0,Platinum,Premium,14
1216,2,5,6057450.0,30286950.0,Silver,Basic,44
1217,3,5,2109150.0,10546050.0,Gold,Basic,3
1218,5,2,2495700.0,4991400.0,Gold,VIP,13
1219,5,3,1861800.0,5585250.0,Platinum,Basic,1
1220,5,3,2979000.0,8936850.0,Platinum,Premium,8
1221,5,2,5858100.0,11716200.0,Gold,Premium,4
1222,4,3,4255800.0,12767550.0,Platinum,Premium,10
1223,1,5,2133000.0,10664700.0,Silver,Basic,40
1224,3,4,6675300.0,26701350.0,Gold,Basic,15
1225,3,2,6687150.0,13374300.0,Gold,Premium,30
1226,2,5,6626400.0,33132000.000000004,Silver,VIP,16
1227,5,2,2361900.0,4723800.0,Gold,VIP,12
1228,3,3,3795900.0,11387550.0,Gold,Basic,18
1229,5,3,7398750.0,22196100.0,Platinum,Basic,13
1230,5,2,5961150.0,11922150.0,Gold,VIP,12
1231,5,2,933450.0,1866750.0,Gold,Premium,5
1232,4,4,1190100.0,4760550.0,Platinum,VIP,28
1233,4,4,3881549.9999999995,15526199.999999998,Platinum,Basic,14
1234,4,3,6887250.0,20661750.0,Platinum,Premium,28
1235,2,5,4386300.0,21931200.0,Silver,Premium,40
1236,5,3,4110299.9999999995,12330750.0,Platinum,Premium,7
1237,3,4,1461900.0,5847750.0,Gold,Basic,39
1238,1,5,5183250.0,25916400.0,Silver,Basic,20
1239,5,3,6299250.0,18897600.0,Platinum,Premium,12
1240,2,6,3317850.0,19906950.0,Silver,Basic,52
1241,5,2,5985450.0,11970750.0,Gold,Basic,5
1242,5,2,7260150.0,14520450.0,Gold,VIP,13
1243,5,3,2125350.0,6376200.0,Platinum,Basic,3
1244,3,4,4282500.0,17129850.0,Gold,VIP,12
1245,1,4,2688150.0,10752750.0,Silver,Basic,70
1246,5,3,6101700.0,18305250.0,Platinum,Premium,4
1247,4,3,4648800.0,13946250.0,Platinum,VIP,6
1248,5,2,5033400.0,10066800.0,Gold,Basic,13
1249,5,3,6135900.0,18407700.0,Platinum,Basic,10
1250,5,3,3422850.0,10268400.0,Platinum,Basic,5
1251,3,6,6926850.0,41561100.0,Gold,Basic,15
1252,3,2,4347900.0,8695950.0,Gold,Premium,33
1253,5,2,1816200.0,3632400.0,Gold,VIP,7
1254,3,6,5447250.0,32683949.999999996,Gold,Basic,12
1255,2,6,6104550.0,36627150.0,Silver,Basic,52
1256,4,2,2888100.0,5776350.0,Gold,Basic,8
1257,5,3,6535950.0,19607850.0,Platinum,Premium,9
1258,5,3,6866400.0,20599350.0,Platinum,Basic,6
1259,4,2,2619150.0,5238150.0,Gold,Premium,8
1260,1,4,7388700.0,29555100.0,Silver,Premium,10
1261,5,2,1699800.0,3399600.0,Gold,Premium,6
1262,5,3,2113650.0,6340800.0,Platinum,Basic,2
1263,2,5,1993500.0,9967650.0,Silver,Premium,20
1264,4,2,6784500.0,13568850.0,Gold,Basic,12
1265,5,3,5166450.0,15499350.0,Platinum,Basic,4
1266,5,3,1776750.0,5330100.0,Platinum,VIP,14
1267,5,3,3722250.0,11166600.0,Platinum,Premium,13
1268,5,3,4903200.0,14709750.0,Platinum,Basic,3
1269,3,4,1313400.0,5253600.0,Gold,Basic,21
1270,3,2,6706350.0,13412550.0,Gold,Basic,6
1271,5,3,6174300.0,18522900.0,Platinum,Basic,13
1272,5,2,4160099.9999999995,8320350.000000001,Gold,Basic,11
1273,5,2,7278150.0,14556150.0,Gold,Basic,14
1274,5,3,3569850.0,10709700.0,Platinum,Basic,6
1275,4,3,7392750.0,22178250.0,Platinum,Premium,26
1276,4,2,5258400.0,10516950.0,Gold,Premium,8
1277,5,3,5034000.0,15102150.0,Platinum,Premium,6
1278,5,3,1870200.0,5610600.0,Platinum,Basic,4
1279,5,3,6703050.0,20109000.0,Platinum,VIP,4
1280,5,3,3635550.0,10906650.0,Platinum,VIP,4
1281,5,3,1845150.0,5535300.0,Platinum,VIP,9
1282,3,5,835050.0,4175550.0,Gold,VIP,21
1283,3,7,4528350.0,31698450.0,Gold,VIP,9
1284,1,2,4309950.0,8619900.0,Silver,Premium,15
1285,4,4,5605650.0,22422600.0,Platinum,Basic,12
1286,1,6,6759300.0,40555500.0,Silver,Premium,30
1287,4,2,1285950.0,2572050.0,Gold,Premium,8
1288,4,3,5687550.0,17062800.0,Platinum,Premium,18
1289,3,3,2015100.0,6045150.0,Gold,Premium,12
1290,4,3,6542700.0,19628100.0,Platinum,Basic,18
1291,1,4,6278700.0,25114650.0,Silver,Basic,20
1292,1,6,4400400.0,26402100.0,Silver,VIP,10
1293,5,2,5544150.0,11088300.0,Gold,Premium,2
1294,3,6,2871900.0,17231250.0,Gold,Premium,15
1295,2,5,3930449.9999999995,19651950.0,Silver,Basic,16
1296,4,4,6296100.0,25184250.0,Platinum,Basic,14
1297,5,2,3850050.0000000005,7700100.000000001,Gold,VIP,14
1298,2,2,3165150.0,6330300.0,Silver,Premium,44
1299,5,2,4085999.9999999995,8171849.999999999,Gold,Premium,5
1300,1,2,6340650.0,12681300.0,Silver,Basic,30
1301,1,7,3012600.0,21088650.0,Silver,Premium,50
1302,4,3,1922850.0,5768700.0,Platinum,Basic,8
1303,4,3,5556150.0,16668300.0,Platinum,Premium,26
1304,5,2,6325350.0,12650700.0,Gold,Basic,12
1305,5,3,1429350.0,4287900.0,Platinum,Basic,2
1306,5,2,2369100.0,4738350.0,Gold,Premium,13
1307,4,3,1708350.0,5124900.0,Platinum,VIP,20
1308,3,6,3098550.0,18591600.0,Gold,Basic,27
1309,5,3,3789900.0,11369550.0,Platinum,VIP,10
1310,3,4,5804550.0,23218350.0,Gold,Basic,21
1311,4,4,5145300.0,20581050.0,Platinum,Basic,8
1312,1,2,4941300.0,9882600.0,Silver,Basic,15
1313,1,6,3128550.0,18771150.0,Silver,Basic,50
1314,5,2,6429750.0,12859500.0,Gold,Premium,14
1315,5,2,3931199.9999999995,7862399.999999999,Gold,Basic,3
1316,5,3,7359000.0,22076850.0,Platinum,Basic,9
1317,4,3,5030400.0,15091350.0,Platinum,VIP,10
1318,2,4,1602300.0,6409200.0,Silver,Basic,52
1319,2,6,5314200.0,31885199.999999996,Silver,Premium,12
1320,3,2,2944500.0,5888850.0,Gold,Basic,15
1321,4,4,5382750.0,21530850.0,Platinum,Premium,4
1322,5,3,1220100.0,3660300.0,Platinum,Basic,11
1323,5,2,1930499.9999999998,3860850.0,Gold,Basic,4
1324,3,7,6526200.0,45683550.0,Gold,Basic,30
1325,5,3,2283450.0,6850350.0,Platinum,Basic,2
1326,5,2,6400050.0,12800100.0,Gold,Basic,2
1327,4,2,2635050.0,5270250.0,Gold,Premium,24
1328,5,3,5089500.0,15268350.0,Platinum,VIP,8
1329,4,2,5435550.0,10871100.0,Gold,VIP,2
1330,2,7,4210350.0,29472900.0,Silver,Premium,56
1331,3,7,2810850.0,19675950.0,Gold,Basic,21
1332,5,2,2185350.0,4370700.0,Gold,Basic,5
1333,1,2,974100.0,1948050.0,Silver,Basic,55
1334,2,3,2801700.0,8404950.0,Silver,Basic,32
1335,1,3,5158800.0,15476550.0,Silver,Premium,5
1336,1,5,7083600.0,35417850.0,Silver,Premium,55
1337,5,2,6630600.0,13261200.0,Gold,Basic,7
1338,5,3,5920950.0,17762850.0,Platinum,Basic,5
1339,4,4,6072000.0,24288150.0,Platinum,VIP,8
1340,1,7,5238600.0,36670500.0,Silver,Premium,35
1341,4,2,2506950.0,5013900.0,Gold,Basic,20
1342,4,2,6873600.0,13747200.0,Gold,VIP,4
1343,2,7,5277450.0,36942150.0,Silver,VIP,48
1344,4,3,4533000.0,13598850.0,Platinum,Basic,2
1345,3,7,1499250.0,10494300.0,Gold,Basic,3
1346,5,3,3767550.0,11302800.0,Platinum,Premium,11
1347,5,3,3857400.0000000005,11572200.0,Platinum,VIP,12
1348,1,3,6585750.0,19757400.0,Silver,VIP,5
1349,3,3,4439850.0,13319700.0,Gold,Basic,36
1350,5,2,3317700.0,6635400.0,Gold,Basic,5
1351,4,3,7343400.0,22030200.0,Platinum,Premium,20
1352,5,3,1497300.0,4492050.0,Platinum,Premium,7
1353,5,2,3602250.0,7204350.0,Gold,Basic,2
1354,2,4,1033650.0,4134600.0,Silver,VIP,40
1355,1,7,5744400.0,40210500.0,Silver,Premium,40
1356,5,3,6946950.0,20841000.0,Platinum,VIP,4
1357,1,2,2640300.0,5280450.0,Silver,VIP,60
1358,4,2,6543750.0,13087650.0,Gold,Premium,6
1359,5,3,2722500.0,8167350.0,Platinum,Basic,10
1360,4,3,6897750.0,20693100.0,Platinum,Premium,22
1361,3,3,5839200.0,17517750.0,Gold,Basic,24
1362,5,3,6183150.0,18549300.0,Platinum,Premium,2
1363,4,3,871500.0,2614650.0,Platinum,Basic,22
1364,4,3,7248900.0,21746850.0,Platinum,Premium,22
1365,5,3,5655000.0,16965150.0,Platinum,Basic,13
1366,3,4,2807100.0,11228250.0,Gold,Basic,9
1367,5,3,6348450.0,19045200.0,Platinum,Basic,12
1368,5,3,2650200.0,7950749.999999999,Platinum,Basic,3
1369,2,3,6641100.0,19923300.0,Silver,Premium,40
1370,1,7,1509900.0,10569450.0,Silver,Premium,55
1371,2,3,5499900.0,16499700.0,Silver,Premium,4
1372,1,4,4399650.0,17598900.0,Silver,Basic,30
1373,1,2,1401600.0,2803200.0,Silver,Basic,10
1374,5,2,2382750.0,4765500.0,Gold,Basic,1
1375,1,7,833700.0,5836050.0,Silver,Basic,10
1376,3,4,3914250.0,15656700.0,Gold,VIP,36
1377,5,3,2783550.0,8350650.000000001,Platinum,Basic,6
1378,1,5,4788900.0,23944500.0,Silver,Basic,70
1379,5,2,2756400.0,5512650.0,Gold,Basic,4
1380,3,6,2774400.0,16646700.0,Gold,Basic,18
1381,2,2,5766600.0,11533050.0,Silver,Premium,48
1382,5,3,1074900.0,3224850.0,Platinum,Premium,9
1383,5,2,6844500.0,13689150.0,Gold,Basic,13
1384,5,3,6502800.0,19508400.0,Platinum,Basic,10
1385,5,2,5257650.0,10515300.0,Gold,Basic,12
1386,5,2,4754250.0,9508500.0,Gold,Basic,10
1387,3,6,6773100.0,40638300.0,Gold,Basic,24
1388,2,4,2001000.0,8003850.000000001,Silver,VIP,4
1389,5,2,1283100.0,2566050.0,Gold,Premium,13
1390,5,2,2366700.0,4733400.0,Gold,Premium,8
1391,5,3,6113400.0,18340200.0,Platinum,Basic,9
1392,4,3,983999.9999999999,2952000.0,Platinum,Basic,12
1393,3,2,4683900.0,9367950.0,Gold,Premium,30
1394,5,3,7469250.0,22407600.0,Platinum,Premium,5
1395,3,5,6525900.0,32629800.000000004,Gold,Premium,18
1396,5,2,4269750.0,8539500.0,Gold,Basic,13
1397,5,3,1179600.0,3538800.0,Platinum,Premium,6
1398,4,2,6361800.0,12723600.0,Gold,Basic,18
1399,5,2,4793100.0,9586200.0,Gold,VIP,4
1400,5,2,1525800.0,3051600.0,Gold,Premium,2
1401,2,5,1383600.0,6917700.0,Silver,Premium,44
1402,5,2,6889950.0,13779900.0,Gold,Basic,11
1403,4,4,5267100.0,21068400.0,Platinum,Premium,18
1404,5,3,6347700.0,19043100.0,Platinum,Basic,2
1405,3,5,6683100.0,33415499.999999996,Gold,Basic,30
1406,5,3,4609500.0,13828350.0,Platinum,Basic,9
1407,3,5,4242750.0,21213750.0,Gold,Premium,6
1408,1,5,3655350.0,18276900.0,Silver,Basic,60
1409,5,3,2889450.0,8668200.0,Platinum,Basic,8
1410,1,5,3683550.0,18417600.0,Silver,VIP,45
1411,3,3,5973750.0,17921100.0,Gold,Basic,36
1412,5,3,4813050.0,14439000.0,Platinum,Premium,10
1413,5,3,6774600.0,20323650.0,Platinum,Basic,9
1414,4,3,3742800.0,11228400.0,Platinum,Basic,20
1415,5,3,4847850.0,14543550.0,Platinum,Premium,9
1416,4,3,5011350.0,15034050.0,Platinum,Basic,4
1417,3,3,4743900.0,14231850.0,Gold,Basic,12
1418,3,3,5492850.0,16478400.0,Gold,Premium,21
1419,5,3,2352750.0,7058100.0,Platinum,Premium,12
1420,5,3,4208400.0,12625350.0,Platinum,Premium,2
1421,5,3,1453500.0,4360500.0,Platinum,Basic,1
1422,5,2,3345450.0,6690900.0,Gold,Basic,3
1423,1,6,4041750.0,24250500.0,Silver,Premium,60
1424,4,2,5152500.0,10305000.0,Gold,Premium,8
1425,1,6,7166100.0,42996450.0,Silver,VIP,40
1426,4,3,4804350.0,14413200.0,Platinum,VIP,12
1427,4,4,5769300.0,23077050.0,Platinum,VIP,22
1428,5,2,4167300.0,8334600.0,Gold,Basic,2
1429,3,3,5030250.0,15090600.0,Gold,Basic,27
1430,2,5,1228800.0,6144000.0,Silver,Premium,56
1431,2,7,2467200.0,17269950.0,Silver,Basic,8
1432,5,2,3192450.0,6385050.0,Gold,Basic,13
1433,5,2,3939300.0,7878600.0,Gold,VIP,12
1434,2,7,1058100.0,7406850.0,Silver,VIP,20
1435,1,3,1695150.0,5085450.0,Silver,Basic,60
1436,5,2,2618550.0,5236950.0,Gold,Basic,4
1437,1,6,7307850.0,43847100.0,Silver,Basic,65
1438,5,2,2986650.0,5973150.0,Gold,VIP,7
1439,5,3,4003800.0000000005,12011400.0,Platinum,VIP,8
1440,1,7,2073600.0000000002,14515650.0,Silver,Basic,25
1441,1,5,4872750.0,24363900.0,Silver,Basic,50
1442,5,3,2644650.0,7933799.999999999,Platinum,VIP,14
1443,3,7,2147250.0,15030450.0,Gold,Basic,42
1444,3,2,4236900.0,8473800.0,Gold,Premium,15
1445,5,3,787200.0,2361450.0,Platinum,VIP,2
1446,5,2,801750.0,1603500.0,Gold,Basic,8
1447,5,3,2228700.0,6686100.0,Platinum,Premium,14
1448,5,2,997799.9999999999,1995750.0000000002,Gold,Basic,2
1449,3,5,1479150.0,7395900.0,Gold,Basic,30
1450,1,3,3037350.0,9111900.0,Silver,VIP,60
1451,5,3,6167400.0,18502350.0,Platinum,Basic,6
1452,4,2,4611300.0,9222600.0,Gold,VIP,16
1453,4,3,4210500.0,12631500.0,Platinum,Premium,12
1454,5,3,2731050.0,8193150.000000001,Platinum,Basic,4
1455,2,5,7039350.0,35196750.0,Silver,Basic,52
1456,4,4,3429900.0,13719450.0,Platinum,Basic,8
1457,1,4,1337850.0,5351550.0,Silver,Basic,30
1458,4,4,4915200.0,19660800.0,Platinum,Basic,28
1459,1,7,1518450.0,10628850.0,Silver,Basic,65
1460,2,7,3080250.0,21561750.0,Silver,Basic,16
1461,2,3,4175099.9999999995,12525150.0,Silver,Premium,32
1462,5,3,6651000.0,19953000.0,Platinum,Premium,9
1463,5,3,4081500.0000000005,12244350.0,Platinum,Premium,1
1464,4,2,5490300.0,10980450.0,Gold,Basic,26
1465,5,3,7451550.0,22354500.0,Platinum,Basic,4
1466,3,4,1637550.0,6550200.0,Gold,Premium,12
1467,3,5,2604450.0,13022250.0,Gold,Basic,6
1468,5,3,3413400.0,10240200.0,Platinum,Basic,6
1469,2,7,3597300.0,25181400.0,Silver,VIP,12
1470,5,2,3524400.0,7048800.0,Gold,Premium,7
1471,1,2,6876300.0,13752750.0,Silver,Premium,65
1472,5,3,5569650.0,16709100.0,Platinum,Basic,11
1473,1,6,4853400.0,29120100.0,Silver,Premium,55
1474,5,3,2838300.0,8514750.0,Platinum,Premium,5
1475,4,3,6310650.0,18931800.0,Platinum,Premium,8
1476,5,3,7196700.0,21589950.0,Platinum,Premium,5
1477,1,5,6293100.0,31465499.999999996,Silver,VIP,40
1478,4,4,760500.0,3042300.0,Platinum,Premium,6
1479,5,3,5045700.0,15137100.0,Platinum,Basic,14
1480,4,3,1095150.0,3285450.0,Platinum,Premium,14
1481,5,2,2488800.0,4977750.0,Gold,Premium,14
1482,5,3,1151850.0,3455400.0,Platinum,Premium,6
1483,4,2,4825650.0,9651300.0,Gold,Basic,24
1484,5,2,5384550.0,10768950.0,Gold,Basic,1
1485,4,2,1522800.0,3045600.0,Gold,VIP,26
1486,5,3,3340950.0,10022700.0,Platinum,Premium,7
1487,1,4,3829650.0,15318450.0,Silver,VIP,70
1488,3,7,3241050.0,22687800.0,Gold,Premium,39
1489,5,2,1566900.0,3133800.0,Gold,Premium,7
1490,5,2,3577950.0,7155750.0,Gold,Premium,14
1491,4,2,5820450.0,11640900.0,Gold,VIP,24
1492,5,3,1229250.0,3687900.0,Platinum,Premium,1
1493,3,5,1291200.0,6456150.0,Gold,Premium,27
1494,2,3,3144750.0,9434100.0,Silver,Basic,24
1495,4,3,7106700.0,21319950.0,Platinum,Basic,24
1496,3,3,5262900.0,15788549.999999998,Gold,Premium,6
1497,4,4,5331000.0,21324150.0,Platinum,Basic,10
1498,1,4,3192900.0,12771900.0,Silver,Basic,65
1499,5,2,4757250.0,9514350.0,Gold,Basic,11
1500,5,2,818400.0,1636800.0,Gold,Basic,4
1501,5,3,5043600.0,15130950.0,Platinum,Basic,7
1502,4,3,6914700.0,20744100.0,Platinum,Basic,16
1503,3,4,4884900.0,19539450.0,Gold,VIP,33
1504,5,3,6647400.0,19942350.0,Platinum,Premium,14
1505,5,3,5636850.0,16910400.0,Platinum,Basic,11
1506,2,5,1563750.0,7818900.0,Silver,Basic,4
1507,5,2,6841500.0,13683150.0,Gold,Premium,5
1508,5,2,1198500.0,2397000.0,Gold,Basic,3
1509,5,2,4354350.0,8708550.0,Gold,VIP,1
1510,5,3,1709400.0,5128350.0,Platinum,Premium,12
1511,5,3,829050.0,2487000.0,Platinum,Premium,3
1512,4,2,3598800.0,7197450.0,Gold,Basic,28
1513,5,2,2741550.0,5483100.0,Gold,Premium,6
1514,5,3,4030500.0,12091500.0,Platinum,Basic,14
1515,1,6,4646100.0,27876600.0,Silver,VIP,35
1516,1,7,1045200.0000000001,7316700.0,Silver,Premium,40
1517,3,6,1580250.0,9481650.0,Gold,Basic,39
1518,5,3,4520850.0,13562550.0,Platinum,Basic,11
1519,5,2,3066450.0,6132750.0,Gold,Basic,4
1520,2,2,5671950.0,11343900.0,Silver,Premium,12
1521,4,4,5152950.0,20611800.0,Platinum,Basic,10
1522,3,3,6457800.0,19373550.0,Gold,Premium,27
1523,5,2,5424300.0,10848600.0,Gold,Basic,13
1524,5,2,3652050.0,7304100.0,Gold,Premium,6
1525,5,2,5292450.0,10585050.0,Gold,VIP,9
1526,4,4,2608800.0,10435350.0,Platinum,Premium,12
1527,4,4,2817600.0,11270400.0,Platinum,Premium,4
1528,3,2,6075600.0,12151350.0,Gold,Basic,39
1529,1,5,3763350.0,18816600.0,Silver,Basic,25
1530,5,2,6139050.0,12278100.0,Gold,Premium,12
1531,5,3,6301350.0,18904050.0,Platinum,Basic,11
1532,5,3,6538500.0,19615650.0,Platinum,Basic,9
1533,5,3,6937350.0,20811900.0,Platinum,Basic,8
1534,4,4,3659100.0,14636550.0,Platinum,Basic,14
1535,5,3,2902350.0,8707050.0,Platinum,Basic,1
1536,5,3,4679850.0,14039550.0,Platinum,VIP,4
1537,5,3,3255450.0,9766200.0,Platinum,Basic,12
1538,2,7,4807200.0,33650700.0,Silver,Premium,28
1539,4,3,5512650.0,16538100.0,Platinum,Basic,22
1540,2,3,5396700.0,16190249.999999998,Silver,Premium,28
1541,5,3,3278250.0,9834750.0,Platinum,Basic,6
1542,5,2,1876350.0,3752550.0,Gold,VIP,8
1543,2,2,3656100.0,7312200.0,Silver,VIP,44
1544,5,3,1712550.0,5137500.0,Platinum,Basic,13
1545,5,3,6758100.0,20274450.0,Platinum,VIP,6
1546,3,2,3084600.0,6169350.0,Gold,VIP,30
1547,2,6,1792650.0,10755600.0,Silver,VIP,12
1548,5,3,921750.0,2765250.0,Platinum,VIP,4
1549,4,3,5109300.0,15327900.0,Platinum,Basic,28
1550,5,3,5049150.0,15147300.0,Platinum,Premium,3
1551,4,3,3049050.0,9147300.0,Platinum,Basic,2
1552,5,2,1234050.0,2468100.0,Gold,Basic,10
1553,4,3,3514950.0,10545000.0,Platinum,VIP,10
1554,4,4,2850750.0,11402850.0,Platinum,Basic,2
1555,5,3,5320500.0,15961649.999999998,Platinum,Premium,1
1556,4,3,4839000.0,14517000.0,Platinum,VIP,4
1557,2,4,3211050.0,12844050.0,Silver,VIP,52
1558,1,6,2220750.0,13324650.0,Silver,VIP,20
1559,5,3,7419300.0,22257750.0,Platinum,Basic,6
1560,5,2,3814500.0,7629000.0,Gold,Basic,8
1561,5,3,5395800.0,16187550.000000002,Platinum,Basic,13
1562,2,2,1698750.0,3397500.0,Silver,Basic,12
1563,2,6,4027799.9999999995,24166350.0,Silver,Basic,4
1564,1,2,935850.0,1871700.0,Silver,Basic,15
1565,3,5,4161750.0,20809050.0,Gold,Premium,36
1566,4,3,7257150.0,21771300.0,Platinum,Premium,6
1567,3,6,3343350.0,20060400.0,Gold,Basic,15
1568,4,3,1013250.0,3039600.0,Platinum,Premium,22
1569,5,3,958950.0,2876850.0,Platinum,Basic,12
1570,3,2,3368850.0,6737850.0,Gold,Basic,36
1571,4,2,1830150.0,3660300.0,Gold,Premium,8
1572,5,2,907650.0,1815300.0,Gold,Premium,13
1573,3,5,5854500.0,29272200.0,Gold,Premium,12
1574,5,2,3845099.9999999995,7690049.999999999,Gold,Basic,9
1575,5,3,2702400.0,8107200.0,Platinum,VIP,7
1576,5,2,6825600.0,13651050.0,Gold,Premium,4
1577,2,7,1533900.0,10737600.0,Silver,Premium,12
1578,5,3,7202400.0,21607350.0,Platinum,Premium,6
1579,4,3,2869350.0,8607900.0,Platinum,VIP,6
1580,3,4,6746700.0,26986950.0,Gold,Premium,18
1581,4,3,4819800.0,14459550.0,Platinum,Premium,22
1582,5,3,6330300.0,18990750.0,Platinum,VIP,13
1583,4,4,7392150.0,29568300.0,Platinum,Premium,22
1584,3,5,2696700.0,13483650.0,Gold,Basic,39
1585,5,2,7237650.0,14475300.0,Gold,Premium,13
1586,2,3,3379050.0,10137000.0,Silver,Basic,48
1587,1,2,3352200.0,6704400.0,Silver,Basic,45
1588,2,5,3047550.0,15238050.0,Silver,Premium,24
1589,2,6,4404450.0,26427000.0,Silver,VIP,48
1590,2,3,1790550.0,5371500.0,Silver,VIP,16
1591,2,6,4487550.0,26925300.0,Silver,Basic,20
1592,5,2,4406550.0,8812950.0,Gold,Premium,13
1593,2,5,5892900.0,29464200.0,Silver,Basic,24
1594,3,4,6377100.0,25508550.0,Gold,VIP,33
1595,5,3,3723000.0,11169000.0,Platinum,VIP,3
1596,4,4,2790750.0,11163000.0,Platinum,Premium,16
1597,5,3,2500500.0,7501500.0,Platinum,VIP,4
1598,2,4,2063700.0000000002,8254800.000000001,Silver,Premium,32
1599,2,4,1139100.0,4556550.0,Silver,Premium,40
1600,1,6,3061500.0,18369150.0,Silver,Basic,50
1601,2,6,2574150.0,15445050.000000002,Silver,Basic,12
1602,3,4,7273350.0,29093250.0,Gold,Premium,30
1603,2,6,4514550.0,27087150.0,Silver,Premium,28
1604,1,5,3094050.0,15470549.999999998,Silver,Basic,55
1605,2,2,4668150.0,9336300.0,Silver,VIP,52
1606,4,3,1689600.0,5068800.0,Platinum,Basic,24
1607,2,4,3747300.0,14989200.0,Silver,Premium,36
1608,3,5,4977150.0,24885450.0,Gold,Premium,12
1609,4,4,4050000.0,16200300.0,Platinum,Premium,16
1610,5,2,3462000.0,6924000.0,Gold,Premium,3
1611,1,3,7458450.0,22375500.0,Silver,Basic,35
1612,5,2,6692100.0,13384200.0,Gold,Basic,3
1613,5,3,4957950.0,14874000.0,Platinum,Premium,12
1614,1,6,4593300.0,27559800.0,Silver,Premium,35
1615,5,2,4939500.0,9878850.0,Gold,Basic,14
1616,5,2,2108850.0,4217700.0,Gold,Premium,11
1617,1,5,3417150.0,17085900.0,Silver,Basic,50
1618,3,4,1016400.0000000001,4065449.9999999995,Gold,Premium,30
1619,5,3,3960000.0,11879850.0,Platinum,VIP,11
1620,5,2,4415400.0,8830800.0,Gold,Basic,11
1621,2,7,2287350.0,16011150.000000002,Silver,Basic,24
1622,2,3,7257150.0,21771600.0,Silver,Premium,8
1623,3,3,6888750.0,20666400.0,Gold,Premium,33
1624,4,2,5624400.0,11248950.0,Gold,Premium,6
1625,5,3,4350300.0,13051050.0,Platinum,VIP,6
1626,3,2,6622350.0,13244550.0,Gold,VIP,42
1627,4,3,1631850.0,4895700.0,Platinum,VIP,8
1628,5,2,6085950.0,12171900.0,Gold,Premium,6
1629,1,5,1592550.0,7962750.0,Silver,Basic,5
1630,3,3,6110850.0,18332700.0,Gold,Basic,30
1631,5,3,2611500.0,7834349.999999999,Platinum,Basic,12
1632,5,2,6670350.0,13340700.0,Gold,Premium,1
1633,4,2,7122300.0,14244600.0,Gold,Basic,6
1634,4,3,1754400.0,5263050.0,Platinum,VIP,16
1635,2,6,3873000.0,23238300.0,Silver,Premium,32
1636,4,2,7371600.0,14743350.0,Gold,Premium,22
1637,4,4,4012949.9999999995,16051950.000000002,Platinum,Basic,8
1638,2,5,6579000.0,32894700.0,Silver,Basic,24
1639,3,7,4723950.0,33067500.0,Gold,Basic,24
1640,3,7,3283500.0,22984350.0,Gold,Basic,21
1641,1,2,2679000.0,5358150.0,Silver,Basic,55
1642,3,5,2121750.0,10608750.0,Gold,Premium,21
1643,2,6,5892150.0,35352900.0,Silver,VIP,52
1644,3,3,3359100.0,10077450.0,Gold,VIP,12
1645,2,4,4201050.0,16804500.0,Silver,Premium,36
1646,5,2,4073250.0,8146350.000000001,Gold,Basic,12
1647,4,3,4646700.0,13939950.0,Platinum,VIP,20
1648,5,3,6592650.0,19777950.0,Platinum,VIP,6
1649,5,3,7369950.0,22110000.0,Platinum,Basic,14
1650,4,3,3501150.0,10503600.0,Platinum,Premium,24
1651,1,3,6335700.0,19007250.0,Silver,Basic,55
1652,4,2,5910600.0,11821200.0,Gold,VIP,6
1653,4,3,4621350.0,13863900.0,Platinum,VIP,10
1654,5,3,7203300.0,21609900.0,Platinum,Basic,5
1655,4,3,2103150.0,6309600.0,Platinum,VIP,28
1656,2,2,1487550.0,2975100.0,Silver,Premium,20
1657,3,3,6514200.0,19542750.0,Gold,VIP,24
1658,3,4,3714300.0,14857050.0,Gold,Basic,27
1659,5,3,6467100.0,19401150.0,Platinum,VIP,13
1660,4,2,6778350.0,13556700.0,Gold,Basic,18
1661,3,4,1171650.0,4686300.0,Gold,Basic,39
1662,5,3,6713400.0,20140200.0,Platinum,Basic,6
1663,5,3,3776100.0,11328450.0,Platinum,VIP,6
1664,2,2,4195350.0,8390850.0,Silver,VIP,36
1665,2,3,4979550.0,14938500.0,Silver,VIP,16
1666,2,4,7003050.0,28012350.0,Silver,VIP,24
1667,2,5,879000.0,4395150.0,Silver,Basic,16
1668,2,3,3968699.9999999995,11906100.0,Silver,Basic,44
1669,2,2,5392050.0,10784250.0,Silver,Basic,4
1670,3,3,5628300.0,16884750.0,Gold,Basic,21
1671,2,6,5424600.0,32547600.000000004,Silver,Basic,56
1672,5,2,1657500.0,3314850.0,Gold,Basic,10
1673,1,4,2770950.0,11083650.0,Silver,Basic,55
1674,4,4,3171300.0,12685350.0,Platinum,Basic,24
1675,4,3,6180000.0,18539850.0,Platinum,Basic,12
1676,5,3,2631600.0,7894950.000000001,Platinum,Basic,9
1677,2,7,2172300.0,15205800.0,Silver,VIP,28
1678,3,6,7212750.0,43276650.0,Gold,Premium,39
1679,5,3,809850.0,2429550.0,Platinum,VIP,7
1680,5,3,7485300.0,22455900.0,Platinum,Basic,2
1681,5,3,5318550.0,15955650.0,Platinum,Basic,12
1682,3,3,6342150.0,19026450.0,Gold,Premium,33
1683,2,2,2738700.0,5477400.0,Silver,Basic,36
1684,5,2,846600.0,1693200.0,Gold,Basic,10
1685,5,3,5730600.0,17191800.0,Platinum,Basic,9
1686,4,3,6380550.0,19141500.0,Platinum,Basic,12
1687,4,4,5748150.0,22992900.0,Platinum,Basic,26
1688,3,4,1714200.0,6856950.0,Gold,Basic,9
1689,5,3,5835600.0,17506950.0,Platinum,Premium,1
1690,2,3,5940300.0,17820750.0,Silver,Basic,16
1691,3,4,5195100.0,20780550.0,Gold,Basic,42
1692,4,3,5921250.0,17763900.0,Platinum,VIP,28
1693,4,3,6459900.0,19379850.0,Platinum,Basic,6
1694,2,2,4891800.0,9783600.0,Silver,Basic,56
1695,2,2,1348050.0,2696100.0,Silver,VIP,48
1696,5,2,4041450.0,8083050.0,Gold,Basic,1
1697,3,5,1274100.0,6370650.0,Gold,Basic,9
1698,4,4,3500850.0,14003700.0,Platinum,Basic,28
1699,2,5,3498000.0,17489850.0,Silver,Basic,56
1700,4,3,1195500.0,3586650.0,Platinum,Premium,8
1701,4,3,3104550.0,9313650.0,Platinum,VIP,26
1702,1,6,1499250.0,8995350.0,Silver,Basic,65
1703,3,7,6205650.0,43439100.0,Gold,Premium,42
1704,2,5,7146900.0,35734500.0,Silver,Premium,32
1705,1,6,1238100.0,7428750.0,Silver,Basic,45
1706,5,3,7197000.0,21591150.0,Platinum,Premium,3
1707,3,4,4277400.0,17109600.0,Gold,Basic,18
1708,5,3,2772000.0,8316149.999999999,Platinum,Basic,10
1709,3,2,1268850.0,2537700.0,Gold,Basic,33
1710,5,2,4129199.9999999995,8258399.999999999,Gold,Basic,5
1711,5,2,6112950.0,12225900.0,Gold,Basic,6
1712,4,2,5522850.0,11045700.0,Gold,VIP,8
1713,4,3,1089000.0,3267150.0,Platinum,Basic,20
1714,4,2,1242150.0,2484150.0,Gold,Basic,12
1715,3,6,3469350.0,20816400.0,Gold,Basic,21
1716,5,2,2743200.0,5486400.0,Gold,Premium,9
1717,5,3,2318550.0,6955800.0,Platinum,Premium,10
1718,5,2,2646750.0,5293500.0,Gold,Premium,7
1719,2,3,6173550.0,18520500.0,Silver,Premium,24
1720,5,3,7022250.0,21066900.0,Platinum,VIP,1
1721,5,2,3484500.0,6968850.0,Gold,Basic,2
1722,2,3,6866250.0,20598750.0,Silver,Premium,4
1723,1,4,2920050.0,11680350.0,Silver,VIP,45
1724,5,2,3965999.9999999995,7931849.999999999,Gold,VIP,10
1725,4,2,2275650.0,4551450.0,Gold,VIP,20
1726,5,2,5073150.0,10146450.0,Gold,Basic,9
1727,2,7,7358100.0,51506850.0,Silver,Basic,28
1728,5,3,4823550.0,14470800.0,Platinum,Basic,13
1729,2,3,3165300.0,9495750.0,Silver,Premium,8
1730,2,7,5122800.0,35859300.0,Silver,Basic,24
1731,2,5,1579650.0,7898550.000000001,Silver,Basic,44
1732,5,2,6748500.0,13496850.0,Gold,VIP,4
1733,5,3,4145850.0,12437400.0,Platinum,Basic,1
1734,4,4,3783150.0,15132450.0,Platinum,VIP,2
1735,3,6,4704600.0,28227450.0,Gold,Basic,36
1736,5,3,4967250.0,14901900.0,Platinum,Basic,5
1737,3,2,1234500.0,2469000.0,Gold,Basic,36
1738,5,2,5357700.0,10715400.0,Gold,Premium,2
1739,4,3,2383050.0,7149150.0,Platinum,Basic,8
1740,3,7,5569200.0,38984250.0,Gold,Basic,3
1741,4,3,6302100.0,18906300.0,Platinum,VIP,8
1742,3,5,6176700.0,30883649.999999996,Gold,Basic,33
1743,5,2,4479450.0,8958750.0,Gold,Premium,6
1744,4,3,4261200.0,12783450.0,Platinum,Premium,20
1745,2,5,1714350.0,8572050.0,Silver,Basic,16
1746,5,3,5983650.0,17950800.0,Platinum,Premium,1
1747,3,7,2581950.0,18074100.0,Gold,Basic,21
1748,4,2,4102650.0,8205450.0,Gold,Premium,28
1749,5,2,2668800.0,5337750.0,Gold,Basic,2
1750,5,2,1653300.0,3306750.0,Gold,Premium,9
1751,2,6,4999500.0,29997150.0,Silver,Basic,52
1752,5,3,1116750.0,3350250.0,Platinum,Premium,3
1753,5,3,5803350.0,17410050.0,Platinum,Basic,8
1754,3,2,2893650.0,5787450.0,Gold,Basic,39
1755,2,2,750900.0,1501800.0,Silver,Basic,32
1756,5,3,4200150.0,12600300.0,Platinum,Basic,3
1757,5,2,1066200.0,2132550.0,Gold,VIP,4
1758,4,2,2614200.0,5228250.0,Gold,Basic,4
1759,5,3,5522100.0,16566300.000000002,Platinum,VIP,4
1760,5,3,1173150.0,3519450.0,Platinum,VIP,11
1761,2,6,6415500.0,38493150.0,Silver,Premium,44
1762,3,5,775800.0,3878849.9999999995,Gold,Basic,33
1763,2,7,2416050.0,16912500.0,Silver,Basic,56
1764,5,2,5751150.0,11502150.0,Gold,Premium,9
1765,1,6,2884800.0,17308950.0,Silver,Basic,10
1766,4,2,1437750.0,2875500.0,Gold,Basic,24
1767,5,2,3181650.0,6363150.0,Gold,Premium,12
1768,5,2,2575200.0,5150250.0,Gold,VIP,13
1769,3,3,6438300.0,19314900.0,Gold,Premium,9
1770,5,2,2865150.0,5730150.0,Gold,Basic,11
1771,2,3,6075300.0,18225900.0,Silver,Premium,44
1772,5,3,6770100.0,20310450.0,Platinum,Basic,4
1773,2,2,3678300.0,7356600.0,Silver,Basic,20
1774,3,2,6892050.0,13784250.0,Gold,VIP,3
1775,5,2,3296850.0,6593850.0,Gold,Basic,7
1776,2,5,7257600.0,36287700.0,Silver,Basic,56
1777,2,7,1352700.0,9468900.0,Silver,Basic,40
1778,5,3,5387400.0,16162200.0,Platinum,VIP,7
1779,5,3,4083300.0000000005,12249750.0,Platinum,Premium,9
1780,5,3,3366600.0,10099950.0,Platinum,Premium,4
1781,5,3,5020800.0,15062400.0,Platinum,Premium,14
1782,4,3,5501100.0,16503150.0,Platinum,Basic,28
1783,3,7,779400.0,5456100.0,Gold,Basic,18
1784,3,5,1876950.0,9384600.0,Gold,Basic,33
1785,2,6,5563050.0,33378299.999999996,Silver,Basic,8
1786,5,2,5248050.0,10496250.0,Gold,Basic,12
1787,4,3,7270800.0,21812400.0,Platinum,VIP,24
1788,4,3,5887050.0,17661000.0,Platinum,Basic,28
1789,4,3,7167750.0,21503100.0,Platinum,Basic,8
1790,5,3,5492100.0,16476450.000000002,Platinum,Basic,2
1791,2,7,2761800.0,19332900.0,Silver,Basic,40
1792,4,4,1461150.0,5844900.0,Platinum,VIP,10
1793,4,4,6027300.0,24109200.0,Platinum,Basic,14
1794,5,3,5098050.0,15294000.0,Platinum,Basic,13
1795,1,5,1075200.0,5376300.0,Silver,Premium,5
1796,5,3,3180300.0,9541050.0,Platinum,Basic,10
1797,5,2,7208400.0,14416800.0,Gold,Basic,10
1798,4,2,4127700.0,8255400.0,Gold,Basic,14
1799,5,2,3670950.0,7341900.0,Gold,Premium,10
1800,5,2,3839400.0,7678950.0,Gold,VIP,13
1801,5,3,2160000.0,6479850.0,Platinum,Premium,6
1802,2,3,3238800.0,9716250.0,Silver,Basic,24
1803,4,3,3246300.0,9738750.0,Platinum,VIP,24
1804,5,3,1103400.0,3310200.0,Platinum,Basic,8
1805,4,2,5931150.0,11862150.0,Gold,Basic,16
1806,5,3,3561450.0,10684200.0,Platinum,Basic,6
1807,5,3,6299700.0,18899100.0,Platinum,Basic,3
1808,5,3,6489900.0,19469550.0,Platinum,Premium,5
1809,4,3,2181000.0,6542850.0,Platinum,Premium,4
1810,2,7,5187150.0,36309900.0,Silver,VIP,56
1811,5,3,3937949.9999999995,11813700.0,Platinum,Premium,5
1812,5,2,6691050.0,13382100.0,Gold,Premium,14
1813,2,4,2206200.0,8824950.0,Silver,Basic,36
1814,5,2,5325300.0,10650450.0,Gold,Basic,10
1815,5,2,4852350.0,9704700.0,Gold,Premium,1
1816,4,3,2743350.0,8229899.999999999,Platinum,Basic,20
1817,4,2,1672050.0,3344100.0,Gold,VIP,10
1818,3,3,5148600.0,15445650.0,Gold,Basic,36
1819,1,5,5735550.0,28677600.0,Silver,Basic,30
1820,3,2,2880450.0,5760900.0,Gold,Basic,42
1821,5,2,5102550.0,10205250.0,Gold,Basic,11
1822,1,6,3417150.0,20502750.0,Silver,Basic,35
1823,3,5,5564100.0,27820800.0,Gold,Premium,27
1824,3,5,2094750.0,10473450.0,Gold,Basic,18
1825,4,4,6759000.0,27035850.0,Platinum,Premium,10
1826,5,3,2689950.0,8070000.0,Platinum,Basic,12
1827,3,6,3232500.0,19395300.0,Gold,Basic,21
1828,3,7,1142100.0,7994850.0,Gold,Basic,39
1829,5,3,1502700.0,4508100.0,Platinum,VIP,1
1830,4,2,4232100.0,8464200.0,Gold,Basic,22
1831,2,7,2556300.0,17893800.0,Silver,Premium,56
1832,4,2,6389550.0,12778950.0,Gold,Basic,10
1833,2,4,849150.0,3396750.0,Silver,Premium,8
1834,2,7,3308850.0,23162250.0,Silver,Basic,16
1835,4,3,3027150.0,9081300.0,Platinum,Premium,14
1836,4,3,880500.0,2641350.0,Platinum,Premium,10
1837,5,2,1589550.0,3178950.0,Gold,VIP,12
1838,3,6,3542100.0,21252600.0,Gold,Basic,18
1839,4,3,4076850.0000000005,12230550.0,Platinum,Basic,4
1840,5,3,3478950.0,10436850.0,Platinum,Basic,3
1841,1,3,4333800.0,13001550.0,Silver,VIP,35
1842,5,3,4767150.0,14301450.0,Platinum,Premium,11
1843,2,3,817050.0,2451000.0,Silver,Premium,8
1844,5,2,3882599.9999999995,7765350.000000001,Gold,Basic,12
1845,2,2,7253550.0,14507250.0,Silver,Basic,24
1846,4,3,4253400.0,12760350.0,Platinum,Basic,10
1847,1,2,5323350.0,10646850.0,Silver,VIP,50
1848,5,2,2855100.0,5710200.0,Gold,Premium,1
1849,4,2,5974500.0,11948850.0,Gold,VIP,24
1850,4,3,5967150.0,17901600.0,Platinum,Basic,22
1851,1,4,4268700.0,17074950.0,Silver,Premium,50
1852,5,2,7338150.0,14676150.0,Gold,Premium,11
1853,2,5,1597500.0,7987350.0,Silver,Basic,16
1854,5,3,864450.0,2593200.0,Platinum,VIP,11
1855,2,5,5948550.0,29742900.0,Silver,VIP,8
1856,2,2,6198300.0,12396600.0,Silver,VIP,16
1857,1,6,1561350.0,9368400.0,Silver,Premium,5
1858,4,3,2542650.0,7628100.0,Platinum,Basic,4
1859,4,3,868500.0,2605500.0,Platinum,Basic,26
1860,1,5,2729850.0,13649100.0,Silver,VIP,40
1861,5,3,5968650.0,17906100.0,Platinum,Basic,6
1862,4,4,4246200.0,16984950.0,Platinum,Premium,4
1863,4,3,3099600.0,9298950.0,Platinum,Premium,24
1864,4,3,3259200.0,9777750.0,Platinum,Premium,12
1865,4,3,759150.0,2277450.0,Platinum,VIP,20
1866,4,3,2773650.0,8320950.0,Platinum,Basic,18
1867,2,4,5113650.0,20454450.0,Silver,Basic,28
1868,2,4,7325850.0,29303250.0,Silver,Basic,36
1869,5,3,6467700.0,19402950.0,Platinum,Basic,5
1870,5,3,909300.0,2727750.0,Platinum,Basic,7
1871,3,6,6815250.0,40891650.0,Gold,Basic,33
1872,3,6,6036600.0,36219600.0,Gold,VIP,42
1873,5,3,6017550.0,18052650.0,Platinum,VIP,7
1874,4,2,3841500.0000000005,7683000.000000001,Gold,Basic,24
1875,1,3,3436500.0,10309650.0,Silver,Basic,60
1876,2,7,2794650.0,19562700.0,Silver,VIP,12
1877,5,3,1193400.0,3580350.0,Platinum,Basic,7
1878,5,2,2290650.0,4581150.0,Gold,Basic,1
1879,1,6,2414550.0,14487450.0,Silver,Basic,45
1880,2,3,4017449.9999999995,12052500.0,Silver,Premium,40
1881,2,3,5795250.0,17385750.0,Silver,Basic,52
1882,5,2,3948149.9999999995,7896449.999999999,Gold,VIP,6
1883,1,6,1140450.0,6842700.0,Silver,Basic,25
1884,2,2,7215150.0,14430150.0,Silver,Premium,28
1885,5,2,7113450.0,14226750.0,Gold,Basic,5
1886,2,3,6050100.0,18150150.0,Silver,Basic,40
1887,5,2,7441500.0,14883000.0,Gold,Premium,5
1888,2,6,4425300.0,26551500.0,Silver,Premium,44
1889,1,6,7248750.0,43492050.0,Silver,Premium,50
1890,2,3,1260300.0,3781050.0,Silver,Premium,44
1891,5,2,3218400.0,6436650.0,Gold,VIP,7
1892,5,2,2271300.0,4542600.0,Gold,VIP,10
1893,5,2,2071800.0,4143750.0,Gold,Premium,7
1894,3,2,1700400.0,3400800.0,Gold,Basic,39
1895,5,3,4951350.0,14853900.0,Platinum,Basic,11
1896,2,6,6023850.0,36143550.0,Silver,Basic,12
1897,3,5,4653450.0,23267550.0,Gold,Premium,9
1898,5,2,1741950.0,3484050.0,Gold,Basic,10
1899,1,6,6225150.0,37350450.0,Silver,Basic,60
1900,1,3,5042700.0,15128100.0,Silver,VIP,65
1901,2,7,3370050.0,23590800.0,Silver,VIP,12
1902,1,5,5300400.0,26501850.0,Silver,VIP,30
1903,2,3,2504400.0,7513050.0,Silver,Basic,48
1904,4,3,3080100.0,9240150.0,Platinum,Premium,12
1905,4,3,6943050.0,20829150.0,Platinum,Basic,26
1906,5,3,2710950.0,8132699.999999999,Platinum,Basic,13
1907,5,2,3922350.0,7844850.0,Gold,Basic,3
1908,3,5,6758400.0,33792300.0,Gold,Basic,9
1909,3,6,5527050.0,33162750.0,Gold,Basic,24
1910,3,7,1169850.0,8189100.000000001,Gold,VIP,24
1911,4,3,1744350.0,5232900.0,Platinum,Basic,14
1912,3,3,802950.0,2408850.0,Gold,Premium,30
1913,5,3,5008650.0,15026100.0,Platinum,Premium,4
1914,4,4,3771750.0,15087150.0,Platinum,Basic,8
1915,4,3,1656300.0,4969050.0,Platinum,Basic,6
1916,4,3,7216050.0,21648150.0,Platinum,Basic,10
1917,3,2,4325250.0,8650350.0,Gold,Premium,9
1918,5,3,2382750.0,7148400.0,Platinum,Basic,13
1919,5,2,4129049.9999999995,8258099.999999999,Gold,Basic,8
1920,2,2,5337450.0,10674900.0,Silver,Basic,28
1921,5,3,1264650.0,3793800.0,Platinum,Premium,13
1922,4,2,2604300.0,5208450.0,Gold,VIP,6
1923,5,3,6196950.0,18591000.0,Platinum,Basic,9
1924,5,3,3852750.0000000005,11558250.0,Platinum,Premium,12
1925,4,3,4439400.0,13318200.0,Platinum,Premium,28
1926,1,3,3671550.0,11014500.0,Silver,VIP,65
1927,3,4,1046250.0,4185299.9999999995,Gold,VIP,15
1928,4,3,1868850.0,5606400.0,Platinum,Premium,18
1929,5,2,3757350.0,7514850.0,Gold,Premium,7
1930,3,2,2161950.0,4324050.0,Gold,VIP,21
1931,2,5,1087350.0,5436750.0,Silver,Basic,24
1932,5,3,6444600.0,19333950.0,Platinum,Basic,2
1933,5,3,7373100.0,22119150.0,Platinum,Basic,9
1934,4,2,6103650.0,12207450.0,Gold,VIP,12
1935,2,5,6513000.0,32565300.0,Silver,VIP,32
1936,3,2,2383350.0,4766700.0,Gold,Basic,3
1937,1,6,7234200.0,43405350.0,Silver,Premium,25
1938,5,2,2079300.0,4158450.0000000005,Gold,Basic,12
1939,2,2,7172100.0,14344350.0,Silver,Basic,4
1940,4,3,7465050.0,22395150.0,Platinum,VIP,20
1941,3,2,5554200.0,11108250.0,Gold,Basic,33
1942,4,2,7372650.0,14745450.0,Gold,Basic,28
1943,5,2,4594350.0,9188850.0,Gold,Premium,8
1944,5,2,2501850.0,5003850.0,Gold,Premium,8
1945,2,6,3699750.0,22198350.0,Silver,Basic,4
1946,1,5,4756500.0,23782650.0,Silver,Premium,45
1947,2,6,1243350.0,7459800.0,Silver,Premium,8
1948,5,2,4950750.0,9901650.0,Gold,Basic,12
1949,5,3,7372950.0,22118850.0,Platinum,Basic,9
1950,4,4,2033250.0000000002,8132850.000000001,Platinum,Premium,2
1951,5,3,6100050.0,18300000.0,Platinum,Basic,12
1952,5,3,6878250.0,20634900.0,Platinum,VIP,10
1953,2,4,7120050.0,28479900.0,Silver,VIP,56
1954,5,2,7230900.0,14461800.0,Gold,VIP,14
1955,4,2,4269900.0,8539650.0,Gold,Basic,18
1956,3,6,7346850.0,44080950.0,Gold,VIP,12
1957,4,3,5861850.0,17585550.0,Platinum,Basic,18
1958,1,7,1841250.0,12889050.0,Silver,Basic,35
1959,2,3,3969150.0,11907300.0,Silver,Basic,44
1960,5,2,5598750.0,11197500.0,Gold,Basic,6
1961,1,5,2419500.0,12097800.0,Silver,Premium,25
1962,5,3,5074200.0,15222450.0,Platinum,Basic,11
1963,2,2,5249550.0,10499100.0,Silver,Basic,36
1964,3,2,1848150.0,3696450.0,Gold,Premium,6
1965,3,3,4564350.0,13693050.0,Gold,Basic,42
1966,3,3,5958450.0,17875500.0,Gold,Premium,39
1967,5,2,4117500.0,8235150.0,Gold,Basic,11
1968,3,5,831750.0,4158450.0000000005,Gold,VIP,42
1969,4,3,811050.0,2433000.0,Platinum,VIP,24
1970,4,3,3159900.0,9479850.0,Platinum,Basic,4
1971,5,3,7001850.0,21005400.0,Platinum,Basic,11
1972,5,3,2293500.0,6880650.0,Platinum,Basic,12
1973,5,2,5031900.0,10063950.0,Gold,VIP,9
1974,2,3,2248950.0,6747000.0,Silver,Basic,48
1975,1,3,2921250.0,8763750.0,Silver,Basic,15
1976,3,6,6474300.0,38845650.0,Gold,Basic,24
1977,4,2,5669850.0,11339700.0,Gold,Basic,22
1978,1,4,1393950.0,5575800.0,Silver,Basic,45
1979,4,4,3643800.0,14574900.0,Platinum,VIP,16
1980,4,3,946950.0,2840700.0,Platinum,Basic,8
1981,3,6,3995999.9999999995,23976000.0,Gold,Basic,36
1982,5,3,5221500.0,15664350.0,Platinum,VIP,1
1983,2,5,1549950.0,7749450.0,Silver,VIP,16
1984,1,3,2700000.0,8099850.0,Silver,Basic,70
1985,5,2,3435450.0,6870750.0,Gold,Basic,9
1986,4,3,6956850.0,20870550.0,Platinum,Basic,4
1987,5,3,7454400.0,22363350.0,Platinum,VIP,3
1988,4,2,1053150.0,2106300.0,Gold,Basic,20
1989,2,2,5886750.0,11773650.0,Silver,VIP,32
1990,5,2,3259200.0,6518250.0,Gold,Premium,6
1991,5,3,3399150.0,10197300.0,Platinum,Premium,8
1992,5,2,5841300.0,11682600.0,Gold,Basic,7
1993,3,3,6949350.0,20848200.0,Gold,Basic,42
1994,4,4,7168800.0,28675050.0,Platinum,Basic,26
1995,3,7,4645650.0,32519100.0,Gold,Basic,39
1996,1,5,3160500.0,15802800.0,Silver,Premium,25
1997,5,2,6066000.0,12131850.0,Gold,VIP,9
1998,2,4,2444250.0,9777000.0,Silver,Premium,16
1999,5,3,4557450.0,13672500.0,Platinum,Premium,6
2000,4,3,3170400.0,9511200.0,Platinum,Basic,4
